2025-10-05_18-49-24,None,draft.py:2025-10-05_18-49-24
2025-10-05_18-51-04,None,draft.py:2025-10-05_18-51-04
<<<<<<< Updated upstream
2025-10-05_19-57-07,None,draft.py:2025-10-05_19-57-07
2025-10-05_19-57-09,None,draft.py:2025-10-05_19-57-07
2025-10-05_19-57-10,None,draft.py:2025-10-05_19-57-07
2025-10-05_19-57-46,None,draft.py:2025-10-05_19-57-07
2025-10-05_20-05-46,None,draft.py:2025-10-05_20-05-46
2025-10-05_20-05-47,None,draft.py:2025-10-05_20-05-46
2025-10-05_20-12-20,None,draft.py:2025-10-05_20-12-20
2025-10-05_20-14-06,None,draft.py:2025-10-05_20-14-06
2025-10-05_20-14-14,None,draft.py:2025-10-05_20-14-06
2025-10-05_20-14-17,None,draft.py:2025-10-05_20-14-06
2025-10-05_20-14-18,None,draft.py:2025-10-05_20-14-06
2025-10-05_20-14-19,None,draft.py:2025-10-05_20-14-06
2025-10-05_20-14-19,None,draft.py:2025-10-05_20-14-06
2025-10-05_20-14-20,None,draft.py:2025-10-05_20-14-06
2025-10-05_20-14-25,None,draft.py:2025-10-05_20-14-06
2025-10-05_20-14-25,None,draft.py:2025-10-05_20-14-06
2025-10-05_20-14-26,None,draft.py:2025-10-05_20-14-06
2025-10-05_20-14-27,None,draft.py:2025-10-05_20-14-06
2025-10-05_20-14-28,None,draft.py:2025-10-05_20-14-06
2025-10-05_20-14-28,None,draft.py:2025-10-05_20-14-06
2025-10-05_20-14-29,None,draft.py:2025-10-05_20-14-06
2025-10-05_20-14-30,None,draft.py:2025-10-05_20-14-06
2025-10-05_20-14-30,None,draft.py:2025-10-05_20-14-06
2025-10-05_20-14-31,None,draft.py:2025-10-05_20-14-06
2025-10-05_20-14-45,None,draft.py:2025-10-05_20-14-06
2025-10-05_20-14-47,None,draft.py:2025-10-05_20-14-06
2025-10-05_20-15-28,None,draft.py:2025-10-05_20-14-06
2025-10-05_20-20-29,None,draft.py:2025-10-05_20-20-29
2025-10-05_20-20-30,None,draft.py:2025-10-05_20-20-29
2025-10-05_20-22-11,None,draft.py:2025-10-05_20-22-11
2025-10-05_20-23-56,None,draft.py:2025-10-05_20-22-11
2025-10-05_20-30-27,None,draft.py:2025-10-05_20-30-27
2025-10-05_20-40-15,None,draft.py:2025-10-05_20-30-27
2025-10-05_20-40-35,None,draft.py:2025-10-05_20-40-35
2025-10-05_20-42-11,None,draft.py:2025-10-05_20-42-11
2025-10-05_20-43-20,None,draft.py:2025-10-05_20-42-11
2025-10-05_20-46-03,None,draft.py:2025-10-05_20-46-03
2025-10-05_20-46-04,None,draft.py:2025-10-05_20-46-03
2025-10-05_20-47-48,None,draft.py:2025-10-05_20-46-03
2025-10-05_20-49-32,None,draft.py:2025-10-05_20-49-32
2025-10-05_20-49-33,None,draft.py:2025-10-05_20-49-32
2025-10-05_20-50-51,None,draft.py:2025-10-05_20-50-51
2025-10-05_21-23-31,None,draft.py:2025-10-05_20-50-51
=======
>>>>>>> Stashed changes
